surrogate_key,product,uid,is_active,valid_from,valid_until
3303,exchange,ICSU,True,,
3304,exchange,BTEC,True,,
3305,exchange,BVCA,True,,
3306,exchange,BVMF,True,,
3307,exchange,BVUR,True,,
3308,exchange,CAND,True,,
3309,exchange,CANX,True,,
3310,exchange,CMAP,True,,
3311,exchange,CATS,True,,
3312,exchange,CCFX,True,,
3313,exchange,CCLX,True,,
3314,exchange,CCO2,True,,
3315,exchange,CDED,True,,
3316,exchange,ASTR,True,,
3317,exchange,FXCL,True,,
3318,exchange,CDSL,True,,
3319,exchange,FXSW,True,,
3320,exchange,CETI,True,,
3321,exchange,CHEV,True,,
3322,exchange,BLNK,True,,
3323,exchange,CXAR,True,,
3324,exchange,CXAC,True,,
3325,exchange,CXAP,True,,
3326,exchange,CXAM,True,,
3327,exchange,CXAQ,True,,
3328,exchange,CXAV,True,,
3329,exchange,CXAF,True,,
3330,exchange,CXAN,True,,
3331,exchange,CXAW,True,,
3332,exchange,CHIA,True,,
3333,exchange,XCX2,True,,
3334,exchange,CHIC,True,,
3335,exchange,CHIJ,True,,
3336,exchange,KAIX,True,,
3337,exchange,CHIS,True,,
3338,exchange,CHIV,True,,
3339,exchange,CLAU,True,,
3340,exchange,CLHK,True,,
3341,exchange,CLJP,True,,
3342,exchange,CLMX,True,,
3343,exchange,CLPH,True,,
3344,exchange,CMET,True,,
3345,exchange,CMMT,True,,
3346,exchange,CMSF,True,,
3347,exchange,COAL,True,,
3348,exchange,COMG,True,,
3349,exchange,COTC,True,,
3350,exchange,CRED,True,,
3351,exchange,CAES,True,,
3352,exchange,CRYD,True,,
3353,exchange,CRYP,True,,
3354,exchange,CRYX,True,,
3355,exchange,CSSX,True,,
3356,exchange,DASI,True,,
3357,exchange,DBHK,True,,
3358,exchange,AUTO,True,,
3359,exchange,DBOX,True,,
3360,exchange,DCSX,True,,
3361,exchange,DEAL,True,,
3362,exchange,DGCX,True,,
3363,exchange,DKTC,True,,
3364,exchange,DOTS,True,,
3365,exchange,DSMD,True,,
3366,exchange,DUMX,True,,
3367,exchange,ECAG,True,,
3368,exchange,ECGS,True,,
3369,exchange,ECAL,True,,
3370,exchange,EEAL,True,,
3371,exchange,EESE,True,,
3372,exchange,EGMT,True,,
3373,exchange,EGSI,True,,
3374,exchange,EMBX,True,,
3375,exchange,ENCL,True,,
3376,exchange,EOTC,True,,
3377,exchange,EPEX,True,,
3378,exchange,ETSC,True,,
3379,exchange,EXOR,True,,
3380,exchange,EXVP,True,,
3381,exchange,EXMP,True,,
3382,exchange,EXLP,True,,
3383,exchange,EXEU,True,,
3384,exchange,EXCP,True,,
3385,exchange,EXBO,True,,
3386,exchange,EXDC,True,,
3387,exchange,EXGM,True,,
3388,exchange,XEDA,True,,
3389,exchange,XEID,True,,
3390,exchange,EXTR,True,,
3391,exchange,FAIR,True,,
3392,exchange,FGEX,True,,
3393,exchange,XADF,True,,
3394,exchange,FINC,True,,
3395,exchange,FINO,True,,
3396,exchange,FINR,True,,
3397,exchange,FINY,True,,
3398,exchange,OOTC,True,,
3399,exchange,FISH,True,,
3400,exchange,FLTB,True,,
3401,exchange,FMTS,True,,
3402,exchange,FSEF,True,,
3403,exchange,FSHX,True,,
3404,exchange,FXAL,True,,
3405,exchange,FXCM,True,,
3406,exchange,G1XX,True,,
3407,exchange,GEMX,True,,
3408,exchange,GETB,True,,
3409,exchange,GLLC,True,,
3410,exchange,GLPS,True,,
3411,exchange,GLPX,True,,
3412,exchange,XGDX,True,,
3413,exchange,XLDX,True,,
3414,exchange,XGCX,True,,
3415,exchange,GMEG,True,,
3416,exchange,XGSX,True,,
3417,exchange,GMTF,True,,
3418,exchange,GOVX,True,,
3419,exchange,GREE,True,,
3420,exchange,GRSE,True,,
3421,exchange,GSCI,True,,
3422,exchange,GSCO,True,,
3423,exchange,GSEF,True,,
3424,exchange,GSIL,True,,
3425,exchange,GSSI,True,,
3426,exchange,GSXL,True,,
3427,exchange,GTCO,True,,
3428,exchange,GTSX,True,,
3429,exchange,GTXS,True,,
3430,exchange,GXMA,True,,
3431,exchange,HCHC,True,,
3432,exchange,HDAT,True,,
3433,exchange,HEGX,True,,
3434,exchange,HMOD,True,,
3435,exchange,HMTF,True,,
3436,exchange,HRFQ,True,,
3437,exchange,HPPO,True,,
3438,exchange,HSFX,True,,
3439,exchange,HSTC,True,,
3440,exchange,XHNX,True,,
3441,exchange,HSXA,True,,
3442,exchange,HUPX,True,,
3443,exchange,IBAL,True,,
3444,exchange,IBEX,True,,
3445,exchange,ICDX,True,,
3446,exchange,ICEL,True,,
3447,exchange,ICXL,True,,
3448,exchange,IFLX,True,,
3449,exchange,IFLL,True,,
3450,exchange,IFEN,True,,
3451,exchange,IFLO,True,,
3452,exchange,IFEU,True,,
3453,exchange,IFUT,True,,
3454,exchange,IFSG,True,,
3455,exchange,IMFX,True,,
3456,exchange,IFED,True,,
3457,exchange,IFUS,True,,
3458,exchange,IEPA,True,,
3459,exchange,IMCG,True,,
3460,exchange,IMIR,True,,
3461,exchange,IMCR,True,,
3462,exchange,IMEN,True,,
3463,exchange,ICES,True,,
3464,exchange,IMAG,True,,
3465,exchange,IMBD,True,,
3466,exchange,IMEX,True,,
3467,exchange,ISDA,True,,
3468,exchange,ISEX,True,,
3469,exchange,ITGI,True,,
3470,exchange,IVZX,True,,
3471,exchange,JADX,True,,
3472,exchange,JNST,True,,
3473,exchange,JPMI,True,,
3474,exchange,JPMX,True,,
3475,exchange,JSES,True,,
3476,exchange,JSJX,True,,
3477,exchange,KCCP,True,,
3478,exchange,KLEU,True,,
3479,exchange,KNIG,True,,
3480,exchange,KNEM,True,,
3481,exchange,KNLI,True,,
3482,exchange,KNCM,True,,
3483,exchange,KRME,True,,
3484,exchange,LASF,True,,
3485,exchange,LCHC,True,,
3486,exchange,LCUR,True,,
3487,exchange,LICA,True,,
3488,exchange,LIQH,True,,
3489,exchange,LIQU,True,,
3490,exchange,LIQF,True,,
3491,exchange,LIUS,True,,
3492,exchange,LIUH,True,,
3493,exchange,LIFI,True,,
3494,exchange,LMAD,True,,
3495,exchange,LMAX,True,,
3496,exchange,LOTC,True,,
3497,exchange,PLDX,True,,
3498,exchange,LPPM,True,,
3499,exchange,LMNX,True,,
3500,exchange,LTAA,True,,
3501,exchange,LXJP,True,,
3502,exchange,MAEL,True,,
3503,exchange,MXLM,True,,
3504,exchange,MALX,True,,
3505,exchange,MXNL,True,,
3506,exchange,MAQH,True,,
3507,exchange,MAQJ,True,,
3508,exchange,MAQX,True,,
3509,exchange,MATN,True,,
3510,exchange,MATX,True,,
3511,exchange,MBUL,True,,
3512,exchange,MFGL,True,,
3513,exchange,MIBG,True,,
3514,exchange,EPRL,True,,
3515,exchange,MPRL,True,,
3516,exchange,MIHI,True,,
3517,exchange,XMIO,True,,
3518,exchange,MIZX,True,,
3519,exchange,MSAL,True,,
3520,exchange,MSPL,True,,
3521,exchange,MSCO,True,,
3522,exchange,MSTX,True,,
3523,exchange,MSIP,True,,
3524,exchange,MSMS,True,,
3525,exchange,BVUS,True,,
3526,exchange,MTSB,True,,
3527,exchange,MTXS,True,,
3528,exchange,MTXC,True,,
3529,exchange,MTXM,True,,
3530,exchange,MYTR,True,,
3531,exchange,N2EX,True,,
3532,exchange,NAMX,True,,
3533,exchange,NASX,True,,
3534,exchange,NBLX,True,,
3535,exchange,NBOT,True,,
3536,exchange,NCEL,True,,
3537,exchange,NFSD,True,,
3538,exchange,XSTM,True,,
3539,exchange,NFSA,True,,
3540,exchange,NFSC,True,,
3541,exchange,NGXC,True,,
3542,exchange,NILX,True,,
3543,exchange,NLPX,True,,
3544,exchange,NMCE,True,,
3545,exchange,NMRA,True,,
3546,exchange,ICSH,True,,
3547,exchange,ICSZ,True,,
3548,exchange,ICKR,True,,
3549,exchange,ICHK,True,,
3550,exchange,NXSE,True,,
3551,exchange,ICTW,True,,
3552,exchange,NODX,True,,
3553,exchange,NOFF,True,,
3554,exchange,NOPS,True,,
3555,exchange,NOSC,True,,
3556,exchange,NOTC,True,,
3557,exchange,NPGA,True,,
3558,exchange,NSXB,True,,
3559,exchange,NXEU,True,,
3560,exchange,NXUS,True,,
3561,exchange,NYPC,True,,
3562,exchange,OLLC,True,,
3563,exchange,OMEL,True,,
3564,exchange,OMGA,True,,
3565,exchange,LYNX,True,,
3566,exchange,OMIC,True,,
3567,exchange,OPRA,True,,
3568,exchange,OSLC,True,,
3569,exchange,OTCE,True,,
3570,exchange,OTCX,True,,
3571,exchange,PAVE,True,,
3572,exchange,PDEX,True,,
3573,exchange,PFTS,True,,
3574,exchange,PFTQ,True,,
3575,exchange,PIEU,True,,
3576,exchange,PIPE,True,,
3577,exchange,PIRM,True,,
3578,exchange,PRSE,True,,
3579,exchange,PVMF,True,,
3580,exchange,PXIL,True,,
3581,exchange,QWIX,True,,
3582,exchange,RBSX,True,,
3583,exchange,ROCO,True,,
3584,exchange,ROFX,True,,
3585,exchange,ROTC,True,,
3586,exchange,RPDX,True,,
3587,exchange,RSEX,True,,
3588,exchange,RTSP,True,,
3589,exchange,S3FM,True,,
3590,exchange,SECC,True,,
3591,exchange,SECD,True,,
3592,exchange,SECE,True,,
3593,exchange,SECF,True,,
3594,exchange,SEDC,True,,
3595,exchange,SELC,True,,
3596,exchange,SEPE,True,,
3597,exchange,SGEX,True,,
3598,exchange,SGMA,True,,
3599,exchange,SHAR,True,,
3600,exchange,SHAW,True,,
3601,exchange,SHAD,True,,
3602,exchange,SIGA,True,,
3603,exchange,SIGJ,True,,
3604,exchange,SIMV,True,,
3605,exchange,SMEX,True,,
3606,exchange,SOHO,True,,
3607,exchange,SPIM,True,,
3608,exchange,SPRZ,True,,
3609,exchange,SPXE,True,,
3610,exchange,SSEX,True,,
3611,exchange,SSTX,True,,
3612,exchange,XSTV,True,,
3613,exchange,STOX,True,,
3614,exchange,XSCU,True,,
3615,exchange,XSTX,True,,
3616,exchange,SWAP,True,,
3617,exchange,SXSI,True,,
3618,exchange,TERA,True,,
3619,exchange,TFEX,True,,
3620,exchange,TFSA,True,,
3621,exchange,TFSU,True,,
3622,exchange,TMID,True,,
3623,exchange,TOCP,True,,
3624,exchange,TPIE,True,,
3625,exchange,TPSE,True,,
3626,exchange,TPSV,True,,
3627,exchange,TRCK,True,,
3628,exchange,TREU,True,,
3629,exchange,TRQX,True,,
3630,exchange,TRU2,True,,
3631,exchange,TRU1,True,,
3632,exchange,TRUX,True,,
3633,exchange,BNDD,True,,
3634,exchange,TRWB,True,,
3635,exchange,TWSF,True,,
3636,exchange,DWSF,True,,
3637,exchange,TSEF,True,,
3638,exchange,TWEU,True,,
3639,exchange,TWEM,True,,
3640,exchange,TWEA,True,,
3641,exchange,TWEO,True,,
3642,exchange,UBSP,True,,
3643,exchange,UBSC,True,,
3644,exchange,UBSG,True,,
3645,exchange,UBSF,True,,
3646,exchange,UBSX,True,,
3647,exchange,UKEX,True,,
3648,exchange,UKPX,True,,
3649,exchange,ULTX,True,,
3650,exchange,VEGA,True,,
3651,exchange,VFCM,True,,
3652,exchange,VMFX,True,,
3653,exchange,WSAG,True,,
3654,exchange,XADS,True,,
3655,exchange,XAFR,True,,
3656,exchange,XAFX,True,,
3657,exchange,XALG,True,,
3658,exchange,XEUC,True,,
3659,exchange,XAMS,True,,
3660,exchange,XEUI,True,,
3661,exchange,TNLA,True,,
3662,exchange,XEUE,True,,
3663,exchange,XAQS,True,,
3664,exchange,XARM,True,,
3665,exchange,XASX,True,,
3666,exchange,ASXT,True,,
3667,exchange,ASXB,True,,
3668,exchange,ASXV,True,,
3669,exchange,ASXP,True,,
3670,exchange,XSFE,True,,
3671,exchange,XBAA,True,,
3672,exchange,XBAB,True,,
3673,exchange,BAJM,True,,
3674,exchange,XBAH,True,,
3675,exchange,XBAN,True,,
3676,exchange,XBBJ,True,,
3677,exchange,XBBK,True,,
3678,exchange,XBCC,True,,
3679,exchange,MVCX,True,,
3680,exchange,XBCL,True,,
3681,exchange,XBCM,True,,
3682,exchange,XBCX,True,,
3683,exchange,XBCV,True,,
3684,exchange,XBDA,True,,
3685,exchange,BERA,True,,
3686,exchange,BERB,True,,
3687,exchange,BERC,True,,
3688,exchange,XBER,True,,
3689,exchange,ZOBX,True,,
3690,exchange,EQTA,True,,
3691,exchange,EQTB,True,,
3692,exchange,EQTC,True,,
3693,exchange,EQTD,True,,
3694,exchange,XEQT,True,,
3695,exchange,XBEY,True,,
3696,exchange,XMAI,True,,
3697,exchange,XBKK,True,,
3698,exchange,XBKF,True,,
3699,exchange,XBLN,True,,
3700,exchange,XBNV,True,,
3701,exchange,XBOG,True,,
3702,exchange,XBOL,True,,
3703,exchange,XBOM,True,,
3704,exchange,BSME,True,,
3705,exchange,BOTE,True,,
3706,exchange,XBOT,True,,
3707,exchange,BOTV,True,,
3708,exchange,XBRA,True,,
3709,exchange,XBRM,True,,
3710,exchange,XBRN,True,,
3711,exchange,VPXB,True,,
3712,exchange,TNLB,True,,
3713,exchange,XBRU,True,,
3714,exchange,XBRD,True,,
3715,exchange,XBRV,True,,
3716,exchange,XRAS,True,,
3717,exchange,XBSE,True,,
3718,exchange,XBSD,True,,
3719,exchange,XBUD,True,,
3720,exchange,XTND,True,,
3721,exchange,XBUE,True,,
3722,exchange,XMEV,True,,
3723,exchange,XBUL,True,,
3724,exchange,ABUL,True,,
3725,exchange,XBVC,True,,
3726,exchange,XBVR,True,,
3727,exchange,XCAI,True,,
3728,exchange,XCAL,True,,
3729,exchange,XCAS,True,,
3730,exchange,XCAY,True,,
3731,exchange,CBSX,True,,
3732,exchange,XCBF,True,,
3733,exchange,XCBT,True,,
3734,exchange,FCBT,True,,
3735,exchange,XKBT,True,,
3736,exchange,XCDE,True,,
3737,exchange,XCET,True,,
3738,exchange,XCFE,True,,
3739,exchange,XCFF,True,,
3740,exchange,XCGS,True,,
3741,exchange,XCHG,True,,
3742,exchange,XCIE,True,,
3743,exchange,FCME,True,,
3744,exchange,XIMM,True,,
3745,exchange,XCME,True,,
3746,exchange,GLBX,True,,
3747,exchange,XIOM,True,,
3748,exchange,CMES,True,,
3749,exchange,CBTS,True,,
3750,exchange,NYMS,True,,
3751,exchange,CECS,True,,
3752,exchange,XCNF,True,,
3753,exchange,XCOL,True,,
3754,exchange,XCOR,True,,
3755,exchange,XCRO,True,,
3756,exchange,DCSE,True,,
3757,exchange,XCSE,True,,
3758,exchange,MNDK,True,,
3759,exchange,FNDK,True,,
3760,exchange,DNDK,True,,
3761,exchange,MCSE,True,,
3762,exchange,XCSX,True,,
3763,exchange,XCUE,True,,
3764,exchange,XCUR,True,,
3765,exchange,XCXD,True,,
3766,exchange,XCYO,True,,
3767,exchange,XCYS,True,,
3768,exchange,XECM,True,,
3769,exchange,XDAR,True,,
3770,exchange,XDCE,True,,
3771,exchange,XDES,True,,
3772,exchange,XDFB,True,,
3773,exchange,XDFM,True,,
3774,exchange,XDHA,True,,
3775,exchange,XDPA,True,,
3776,exchange,XDSE,True,,
3777,exchange,XDSX,True,,
3778,exchange,DUSA,True,,
3779,exchange,DUSB,True,,
3780,exchange,DUSC,True,,
3781,exchange,DUSD,True,,
3782,exchange,XDUS,True,,
3783,exchange,XQTX,True,,
3784,exchange,XEBI,True,,
3785,exchange,XECB,True,,
3786,exchange,XECC,True,,
3787,exchange,XECS,True,,
3788,exchange,XELX,True,,
3789,exchange,XEMD,True,,
3790,exchange,XEMS,True,,
3791,exchange,XETR,True,,
3792,exchange,XETB,True,,
3793,exchange,XETA,True,,
3794,exchange,XERT,True,,
3795,exchange,XERE,True,,
3796,exchange,XEUM,True,,
3797,exchange,XEUP,True,,
3798,exchange,XEUR,True,,
3799,exchange,XFKA,True,,
3800,exchange,XFRA,True,,
3801,exchange,FRAA,True,,
3802,exchange,FRAB,True,,
3803,exchange,XGAS,True,,
3804,exchange,XGCL,True,,
3805,exchange,XGHA,True,,
3806,exchange,XGMX,True,,
3807,exchange,XGSE,True,,
3808,exchange,XGTG,True,,
3809,exchange,XGUA,True,,
3810,exchange,HAMA,True,,
3811,exchange,HAMB,True,,
3812,exchange,XHAM,True,,
3813,exchange,HAMM,True,,
3814,exchange,HAML,True,,
3815,exchange,HAMN,True,,
3816,exchange,HANB,True,,
3817,exchange,HANA,True,,
3818,exchange,XHAN,True,,
3819,exchange,MNFI,True,,
3820,exchange,FNFI,True,,
3821,exchange,DNFI,True,,
3822,exchange,XHEL,True,,
3823,exchange,DHEL,True,,
3824,exchange,MHEL,True,,
3825,exchange,XHKF,True,,
3826,exchange,XHKG,True,,
3827,exchange,SHSC,True,,
3828,exchange,SZSC,True,,
3829,exchange,XGEM,True,,
3830,exchange,XIBE,True,,
3831,exchange,FNIS,True,,
3832,exchange,MICE,True,,
3833,exchange,XICE,True,,
3834,exchange,DNIS,True,,
3835,exchange,DICE,True,,
3836,exchange,MNIS,True,,
3837,exchange,XICX,True,,
3838,exchange,XIDX,True,,
3839,exchange,XIHK,True,,
3840,exchange,XIMA,True,,
3841,exchange,XIMC,True,,
3842,exchange,ICRO,True,,
3843,exchange,XINS,True,,
3844,exchange,ICBX,True,,
3845,exchange,MOCX,True,,
3846,exchange,XINV,True,,
3847,exchange,XIQS,True,,
3848,exchange,XPMS,True,,
3849,exchange,XFNO,True,,
3850,exchange,XDSM,True,,
3851,exchange,XIST,True,,
3852,exchange,XEQY,True,,
3853,exchange,XISE,True,,
3854,exchange,GMNI,True,,
3855,exchange,MCRY,True,,
3856,exchange,XISA,True,,
3857,exchange,XISX,True,,
3858,exchange,XJAM,True,,
3859,exchange,XJNB,True,,
3860,exchange,XTK1,True,,
3861,exchange,XTKS,True,,
3862,exchange,XOSE,True,,
3863,exchange,XTAM,True,,
3864,exchange,XTK3,True,,
3865,exchange,XTK2,True,,
3866,exchange,XJPX,True,,
3867,exchange,XOSJ,True,,
3868,exchange,XBES,True,,
3869,exchange,XJSE,True,,
3870,exchange,ALTX,True,,
3871,exchange,XSAF,True,,
3872,exchange,XSFA,True,,
3873,exchange,YLDX,True,,
3874,exchange,XKAC,True,,
3875,exchange,XKAZ,True,,
3876,exchange,XKCE,True,,
3877,exchange,XKFB,True,,
3878,exchange,XKHA,True,,
3879,exchange,XKHR,True,,
3880,exchange,XKIE,True,,
3881,exchange,XKIS,True,,
3882,exchange,XKLS,True,,
3883,exchange,MESQ,True,,
3884,exchange,XKON,True,,
3885,exchange,XKRX,True,,
3886,exchange,XKFE,True,,
3887,exchange,XKOS,True,,
3888,exchange,XKCM,True,,
3889,exchange,XKEM,True,,
3890,exchange,XKSE,True,,
3891,exchange,XKUW,True,,
3892,exchange,XLAO,True,,
3893,exchange,XLBM,True,,
3894,exchange,XLFX,True,,
3895,exchange,XLIM,True,,
3896,exchange,WQXL,True,,
3897,exchange,FNLT,True,,
3898,exchange,XLIT,True,,
3899,exchange,XLJM,True,,
3900,exchange,XLJU,True,,
3901,exchange,XLME,True,,
3902,exchange,XLON,True,,
3903,exchange,XLSM,True,,
3904,exchange,XLUS,True,,
3905,exchange,XLUX,True,,
3906,exchange,EMTF,True,,
3907,exchange,XMAB,True,,
3908,exchange,XMAE,True,,
3909,exchange,PROS,True,,
3910,exchange,XMAN,True,,
3911,exchange,XMAU,True,,
3912,exchange,XMDG,True,,
3913,exchange,XMDS,True,,
3914,exchange,XMER,True,,
3915,exchange,XMEX,True,,
3916,exchange,XMGE,True,,
3917,exchange,MTAH,True,,
3918,exchange,MIVX,True,,
3919,exchange,XDMI,True,,
3920,exchange,MTAA,True,,
3921,exchange,XMNT,True,,
3922,exchange,XMNX,True,,
3923,exchange,XMOC,True,,
3924,exchange,XMOD,True,,
3925,exchange,XMOL,True,,
3926,exchange,XMSW,True,,
3927,exchange,XMTB,True,,
3928,exchange,BVUK,True,,
3929,exchange,XMTS,True,,
3930,exchange,XNAF,True,,
3931,exchange,XNAI,True,,
3932,exchange,XNAM,True,,
3933,exchange,NASD,True,,
3934,exchange,XNMS,True,,
3935,exchange,XNAS,True,,
3936,exchange,XNDQ,True,,
3937,exchange,XNGS,True,,
3938,exchange,XNCM,True,,
3939,exchange,XNIM,True,,
3940,exchange,XBOS,True,,
3941,exchange,BOSD,True,,
3942,exchange,XBXO,True,,
3943,exchange,XPOR,True,,
3944,exchange,XPSX,True,,
3945,exchange,XBRT,True,,
3946,exchange,PSXD,True,,
3947,exchange,XPBT,True,,
3948,exchange,XPHO,True,,
3949,exchange,XPHL,True,,
3950,exchange,XNCD,True,,
3951,exchange,XNEC,True,,
3952,exchange,XNEP,True,,
3953,exchange,XNGM,True,,
3954,exchange,NMTF,True,,
3955,exchange,XNGO,True,,
3956,exchange,XNKS,True,,
3957,exchange,XNSA,True,,
3958,exchange,INSE,True,,
3959,exchange,XNSE,True,,
3960,exchange,XNYM,True,,
3961,exchange,XCEC,True,,
3962,exchange,XNYE,True,,
3963,exchange,XNYL,True,,
3964,exchange,ALDP,True,,
3965,exchange,ARCX,True,,
3966,exchange,XNYS,True,,
3967,exchange,XASE,True,,
3968,exchange,XNLI,True,,
3969,exchange,NYSD,True,,
3970,exchange,AMXO,True,,
3971,exchange,ARCD,True,,
3972,exchange,ARCO,True,,
3973,exchange,XNZE,True,,
3974,exchange,XODE,True,,
3975,exchange,XOFF,True,,
3976,exchange,MERD,True,,
3977,exchange,XOAM,True,,
3978,exchange,XOSC,True,,
3979,exchange,XOAD,True,,
3980,exchange,XOSD,True,,
3981,exchange,NIBR,True,,
3982,exchange,XPAE,True,,
3983,exchange,XSPM,True,,
3984,exchange,MTCH,True,,
3985,exchange,XPAR,True,,
3986,exchange,XMAT,True,,
3987,exchange,XMON,True,,
3988,exchange,XPHS,True,,
3989,exchange,XPIC,True,,
3990,exchange,XPOW,True,,
3991,exchange,XPRA,True,,
3992,exchange,XPRM,True,,
3993,exchange,XPRI,True,,
3994,exchange,XPST,True,,
3995,exchange,XPTY,True,,
3996,exchange,XPXE,True,,
3997,exchange,XQUI,True,,
3998,exchange,XRBM,True,,
3999,exchange,XRIS,True,,
4000,exchange,FNLV,True,,
4001,exchange,XRMZ,True,,
4002,exchange,XROS,True,,
4003,exchange,XROX,True,,
4004,exchange,XTUC,True,,
4005,exchange,XRPM,True,,
4006,exchange,XRUS,True,,
4007,exchange,XSAM,True,,
4008,exchange,XSAP,True,,
4009,exchange,XSAU,True,,
4010,exchange,XSC2,True,,
4011,exchange,XSC3,True,,
4012,exchange,XSC1,True,,
4013,exchange,XSCO,True,,
4014,exchange,XSEF,True,,
4015,exchange,XSES,True,,
4016,exchange,XSIM,True,,
4017,exchange,XSCE,True,,
4018,exchange,XINE,True,,
4019,exchange,XSGE,True,,
4020,exchange,XSGO,True,,
4021,exchange,XSEC,True,,
4022,exchange,XSHE,True,,
4023,exchange,XSSC,True,,
4024,exchange,XSHG,True,,
4025,exchange,XSIB,True,,
4026,exchange,XSOP,True,,
4027,exchange,XSPS,True,,
4028,exchange,XSSE,True,,
4029,exchange,XSTC,True,,
4030,exchange,XSTE,True,,
4031,exchange,DNSE,True,,
4032,exchange,FNSE,True,,
4033,exchange,CSTO,True,,
4034,exchange,MNSE,True,,
4035,exchange,MSTO,True,,
4036,exchange,XSTO,True,,
4037,exchange,DSTO,True,,
4038,exchange,STUB,True,,
4039,exchange,STUA,True,,
4040,exchange,XSTU,True,,
4041,exchange,EUWX,True,,
4042,exchange,XSVA,True,,
4043,exchange,XSWA,True,,
4044,exchange,XSWB,True,,
4045,exchange,XTAE,True,,
4046,exchange,XTAF,True,,
4047,exchange,XTAI,True,,
4048,exchange,XTAL,True,,
4049,exchange,FNEE,True,,
4050,exchange,XTEH,True,,
4051,exchange,XTFF,True,,
4052,exchange,XTIR,True,,
4053,exchange,XTKT,True,,
4054,exchange,XTRN,True,,
4055,exchange,XTRZ,True,,
4056,exchange,XTSE,True,,
4057,exchange,XTSX,True,,
4058,exchange,XTNX,True,,
4059,exchange,XTUN,True,,
4060,exchange,XUAX,True,,
4061,exchange,XUGA,True,,
4062,exchange,XUKR,True,,
4063,exchange,XULA,True,,
4064,exchange,XUNI,True,,
4065,exchange,XUSE,True,,
4066,exchange,XVPA,True,,
4067,exchange,RPWC,True,,
4068,exchange,TBSP,True,,
4069,exchange,TBSA,True,,
4070,exchange,BOSP,True,,
4071,exchange,WETP,True,,
4072,exchange,XWAR,True,,
4073,exchange,PLPO,True,,
4074,exchange,PLPS,True,,
4075,exchange,WBCL,True,,
4076,exchange,WBON,True,,
4077,exchange,WMTF,True,,
4078,exchange,WDER,True,,
4079,exchange,EXAA,True,,
4080,exchange,XWBO,True,,
4081,exchange,WBAH,True,,
4082,exchange,WBDM,True,,
4083,exchange,XVIE,True,,
4084,exchange,XXSC,True,,
4085,exchange,XXXX,True,,
4086,exchange,XYIE,True,,
4087,exchange,XZAG,True,,
4088,exchange,XZCE,True,,
4089,exchange,XZIM,True,,
4090,exchange,ZKBX,True,,
4091,exchange,KMUX,True,,
4092,exchange,UKCA,True,,
4093,exchange,ASEF,True,,
4094,exchange,MEMM,True,,
4095,exchange,XEBS,True,,
4096,exchange,NSPO,True,,
4097,exchange,OTCI,True,,
4098,exchange,GFOX,True,,
4099,exchange,FNFT,True,,
4100,exchange,HGSP,True,,
4101,exchange,TERM,True,,
4102,exchange,PATF,True,,
4103,exchange,BBVX,True,,
4104,exchange,ODXE,True,,
4105,exchange,HPSX,True,,
4106,exchange,DBDX,True,,
4107,exchange,EMCE,True,,
4108,exchange,HPSO,True,,
4109,exchange,ARTX,True,,
4110,exchange,SPTX,True,,
4111,exchange,TSIR,True,,
4112,exchange,STXS,True,,
4113,exchange,EUFN,True,,
4114,exchange,TSFX,True,,
4115,exchange,GFAU,True,,
4116,exchange,CSE2,True,,
4117,exchange,XIGG,True,,
4118,exchange,SMBC,True,,
4119,exchange,FNXB,True,,
4120,exchange,BGCA,True,,
4121,exchange,AQXD,True,,
4122,exchange,XFTX,True,,
4123,exchange,NABP,True,,
4124,exchange,USOB,True,,
4125,exchange,BTUN,True,,
4126,exchange,ECNL,True,,
4127,exchange,RITS,True,,
4128,exchange,FXSM,True,,
4129,exchange,FXNM,True,,
4130,exchange,CAST,True,,
4131,exchange,XABX,True,,
4132,exchange,CILH,True,,
4133,exchange,USWP,True,,
4134,exchange,CBAE,True,,
4135,exchange,TRDC,True,,
4136,exchange,NSSA,True,,
4137,exchange,CMCM,True,,
4138,exchange,EBLX,True,,
4139,exchange,ERFQ,True,,
4140,exchange,ENTW,True,,
4141,exchange,FUSD,True,,
4142,exchange,XETE,True,,
4143,exchange,XETX,True,,
4144,exchange,SFOX,True,,
4145,exchange,BJSE,True,,
4146,exchange,NEEQ,True,,
4147,exchange,VFEX,True,,
4148,exchange,MSDM,True,,
4149,exchange,LNEQ,True,,
4150,exchange,LNFI,True,,
4151,exchange,IBSI,True,,
4152,exchange,RAJA,True,,
4153,exchange,LPSF,True,,
4154,exchange,GBSI,True,,
4155,exchange,TPID,True,,
4156,exchange,INGU,True,,
4157,exchange,SISU,True,,
4158,exchange,SEWB,True,,
4159,exchange,DKWB,True,,
4160,exchange,NOWB,True,,
4161,exchange,SEOB,True,,
4162,exchange,DKOB,True,,
4163,exchange,EUOB,True,,
4164,exchange,GBOB,True,,
4165,exchange,NOOB,True,,
4166,exchange,OTXT,True,,
4167,exchange,MXOP,True,,
4168,exchange,BOCF,True,,
4169,exchange,FPWB,True,,
4170,exchange,SPAX,True,,
4171,exchange,LEBV,True,,
4172,exchange,LESI,True,,
4173,exchange,BGEM,True,,
4174,exchange,JLEQ,True,,
4175,exchange,GMGE,True,,
4176,exchange,IEXC,True,,
4177,exchange,INTL,True,,
4178,exchange,BRMF,True,,
4179,exchange,CXAB,True,,
4180,exchange,CXAI,True,,
4181,exchange,TMUK,True,,
4182,exchange,XCBD,True,,
4183,exchange,U360,True,,
4184,exchange,BDPL,True,,
4185,exchange,VMEX,True,,
4186,exchange,IEOS,True,,
4187,exchange,INFT,True,,
4188,exchange,EDXM,True,,
4189,exchange,IBKR,True,,
4190,exchange,ALGO,True,,
4191,exchange,XAND,True,,
4192,exchange,FNDS,True,,
4193,exchange,IFFX,True,,
4194,exchange,QUNT,True,,
4195,exchange,GSLO,True,,
4196,exchange,RTXF,True,,
4197,exchange,ARDA,True,,
4198,exchange,VUBA,True,,
4199,exchange,G360,True,,
4200,exchange,ACXL,True,,
4201,exchange,ACXC,True,,
4202,exchange,ATAD,True,,
4203,exchange,GSXN,True,,
4204,exchange,RULE,True,,
4205,exchange,XCVD,True,,
4206,exchange,MSLC,True,,
4207,exchange,XANM,True,,
4208,exchange,CFIM,True,,
4209,exchange,MSXO,True,,
4210,exchange,XATX,True,,
4211,exchange,ADRK,True,,
4212,exchange,DRSP,True,,
4213,exchange,XCNQ,True,,
4214,exchange,PURE,True,,
4215,exchange,ZODM,True,,
4216,exchange,FNFX,True,,
4217,exchange,NORX,True,,
4218,exchange,POSE,True,,
4219,exchange,PUND,True,,
4220,exchange,UCBG,True,,
4221,exchange,NZFX,True,,
4222,exchange,BBLX,True,,
4223,exchange,BACR,True,,
4224,exchange,SPBE,True,,
4225,exchange,OTCM,True,,
4226,exchange,STUF,True,,
4227,exchange,XSTP,True,,
4228,exchange,STUE,True,,
4229,exchange,FREX,True,,
4230,exchange,HCER,True,,
4231,exchange,IDXM,True,,
4232,exchange,MBCP,True,,
4233,exchange,GMBG,True,,
4234,exchange,OCEA,True,,
4235,exchange,OSDS,True,,
4236,exchange,OSSG,True,,
4237,exchange,RR4G,True,,
4238,exchange,TRUK,True,,
4239,exchange,UGEN,True,,
4240,exchange,XGLO,True,,
4241,exchange,WIND,True,,
4242,exchange,CNOD,True,,
4243,exchange,BGLU,True,,
4244,exchange,FNIX,True,,
4245,exchange,LATG,True,,
4246,exchange,GFAM,True,,
4247,exchange,TMCY,True,,
4248,exchange,UBEC,True,,
4249,exchange,ENSL,True,,
4250,exchange,ESLO,True,,
4251,exchange,IOTF,True,,
4252,exchange,SEBA,True,,
4253,exchange,BRED,True,,
4254,exchange,DBMO,True,,
4255,exchange,DBLN,True,,
4256,exchange,RUSX,True,,
4257,exchange,UNGB,True,,
4258,exchange,XLQC,True,,
4259,exchange,XMOS,True,,
4260,exchange,ABXX,True,,
4261,exchange,CFIC,True,,
4262,exchange,HBFR,True,,
4263,exchange,KLSH,True,,
4264,exchange,MUDX,True,,
4265,exchange,TRAX,True,,
4266,exchange,TRNL,True,,
4267,exchange,XPET,True,,
4268,exchange,LEVL,True,,
4269,exchange,EBXV,True,,
4270,exchange,FXRS,True,,
4271,exchange,FXPS,True,,
4272,exchange,XBIS,True,,
4273,exchange,STRM,True,,
4274,exchange,ABNC,True,,
4275,exchange,BNPC,True,,
4276,exchange,PBGR,True,,
4277,exchange,SIDX,True,,
4278,exchange,SIFX,True,,
4279,exchange,TEUR,True,,
4280,exchange,TPEE,True,,
4281,exchange,AILT,True,,
4282,exchange,ARAX,True,,
4283,exchange,CGXS,True,,
4284,exchange,EQOC,True,,
4285,exchange,EQOD,True,,
4286,exchange,AQED,True,,
4287,exchange,EIXE,True,,
4288,exchange,HPCS,True,,
4289,exchange,MIDC,True,,
4290,exchange,RABL,True,,
4291,exchange,RMMS,True,,
4292,exchange,RMMX,True,,
4293,exchange,MABX,True,,
4294,exchange,CECA,True,,
4295,exchange,HPCO,True,,
4296,exchange,ICOR,True,,
4297,exchange,JNSI,True,,
4298,exchange,TPER,True,,
4299,exchange,XSDX,True,,
4300,exchange,XSWX,True,,
4301,exchange,XDLP,True,,
4302,exchange,XSWM,True,,
4303,exchange,XSEB,True,,
4304,exchange,XBTR,True,,
4305,exchange,XQOD,True,,
4306,exchange,XQMH,True,,
4307,exchange,BNPX,True,,
4308,exchange,BTRL,True,,
4309,exchange,NTUK,True,,
4310,exchange,EQOS,True,,
4311,exchange,LMNR,True,,
4312,exchange,CEDX,True,,
4313,exchange,EQCA,True,,
4314,exchange,EQUS,True,,
4315,exchange,EVOL,True,,
4316,exchange,RBCC,True,,
4317,exchange,BEBG,True,,
4318,exchange,CBKS,True,,
4319,exchange,XTXD,True,,
4320,exchange,XOAS,True,,
4321,exchange,XOSL,True,,
4322,exchange,SGA2,True,,
4323,exchange,EWRM,True,,
4324,exchange,MERK,True,,
4325,exchange,XOBD,True,,
4326,exchange,BSAB,True,,
4327,exchange,BSPL,True,,
4328,exchange,BSTX,True,,
4329,exchange,XNOM,True,,
4330,exchange,BBOK,True,,
4331,exchange,BLFX,True,,
4332,exchange,OLBB,True,,
4333,exchange,SGMU,True,,
4334,exchange,AFEX,True,,
4335,exchange,BNPL,True,,
4336,exchange,CAPL,True,,
4337,exchange,CCMX,True,,
4338,exchange,ONEC,True,,
4339,exchange,MBSI,True,,
4340,exchange,MSBI,True,,
4341,exchange,SGMV,True,,
4342,exchange,SGMW,True,,
4343,exchange,T212,True,,
4344,exchange,TMEX,True,,
4345,exchange,XCBO,True,,
4346,exchange,C2OX,True,,
4347,exchange,PEPQ,True,,
4348,exchange,PEPY,True,,
4349,exchange,PEPH,True,,
4350,exchange,PEPM,True,,
4351,exchange,XPOM,True,,
4352,exchange,GROW,True,,
4353,exchange,CLST,True,,
4354,exchange,LLAT,True,,
4355,exchange,EPRD,True,,
4356,exchange,GSPL,True,,
4357,exchange,IMMH,True,,
4358,exchange,AQSE,True,,
4359,exchange,ENMS,True,,
4360,exchange,FAST,True,,
4361,exchange,TLCM,True,,
4362,exchange,ILCM,True,,
4363,exchange,LELE,True,,
4364,exchange,MCXX,True,,
4365,exchange,MEMD,True,,
4366,exchange,EBSO,True,,
4367,exchange,PEPW,True,,
4368,exchange,WFLB,True,,
4369,exchange,VNDM,True,,
4370,exchange,WABR,True,,
4371,exchange,XSCA,True,,
4372,exchange,TMCC,True,,
4373,exchange,EDBT,True,,
4374,exchange,EDGL,True,,
4375,exchange,BASP,True,,
4376,exchange,BTEQ,True,,
4377,exchange,EQSE,True,,
4378,exchange,VABD,True,,
4379,exchange,IMCC,True,,
4380,exchange,NBFL,True,,
4381,exchange,MAXD,True,,
4382,exchange,BTBS,True,,
4383,exchange,SKBB,True,,
4384,exchange,BDSK,True,,
4385,exchange,DEXE,True,,
4386,exchange,OTPR,True,,
4387,exchange,SBIU,True,,
4388,exchange,XSBI,True,,
4389,exchange,SBIV,True,,
4390,exchange,SBIJ,True,,
4391,exchange,XOTP,True,,
4392,exchange,EQSL,True,,
4393,exchange,JSER,True,,
4394,exchange,XBVM,True,,
4395,exchange,HESP,True,,
4396,exchange,HEDE,True,,
4397,exchange,MAQE,True,,
4398,exchange,MEMX,True,,
4399,exchange,PJCX,True,,
4400,exchange,PIPR,True,,
4401,exchange,SKYX,True,,
4402,exchange,CIMA,True,,
4403,exchange,GLOM,True,,
4404,exchange,TRAI,True,,
4405,exchange,CBOE,True,,
4406,exchange,CGEE,True,,
4407,exchange,CGEC,True,,
4408,exchange,CGMC,True,,
4409,exchange,COHR,True,,
4410,exchange,STFX,True,,
4411,exchange,XLCH,True,,
4412,exchange,CLCH,True,,
4413,exchange,BUYN,True,,
4414,exchange,BGHX,True,,
4415,exchange,CSAS,True,,
4416,exchange,LTSE,True,,
4417,exchange,XPSF,True,,
4418,exchange,XPOT,True,,
4419,exchange,XFEX,True,,
4420,exchange,CALH,True,,
4421,exchange,OMIP,True,,
4422,exchange,DAUK,True,,
4423,exchange,BSLB,True,,
4424,exchange,CFIL,True,,
4425,exchange,CGMU,True,,
4426,exchange,CSCL,True,,
4427,exchange,CSVW,True,,
4428,exchange,RBCM,True,,
4429,exchange,THRE,True,,
4430,exchange,BKKT,True,,
4431,exchange,UKRE,True,,
4432,exchange,UKOR,True,,
4433,exchange,IUOB,True,,
4434,exchange,TUOB,True,,
4435,exchange,XPUS,True,,
4436,exchange,BMLS,True,,
4437,exchange,BMLI,True,,
4438,exchange,SGMZ,True,,
4439,exchange,PFXD,True,,
4440,exchange,TRQC,True,,
4441,exchange,ITGL,True,,
4442,exchange,XAMM,True,,
4443,exchange,AMNL,True,,
4444,exchange,BETA,True,,
4445,exchange,VFGB,True,,
4446,exchange,SEBL,True,,
4447,exchange,XPOL,True,,
4448,exchange,XPAL,True,,
4449,exchange,VIUK,True,,
4450,exchange,ASPI,True,,
4451,exchange,ASMT,True,,
4452,exchange,ASPN,True,,
4453,exchange,CISD,True,,
4454,exchange,CDSI,True,,
4455,exchange,RESF,True,,
4456,exchange,EBSF,True,,
4457,exchange,24EX,True,,
4458,exchange,BBSX,True,,
4459,exchange,SCOT,True,,
4460,exchange,XDEX,True,,
4461,exchange,DOWE,True,,
4462,exchange,SPEX,True,,
4463,exchange,IFAD,True,,
4464,exchange,JLQD,True,,
4465,exchange,LAMP,True,,
4466,exchange,RCMA,True,,
4467,exchange,IEBS,True,,
4468,exchange,MKTF,True,,
4469,exchange,MKAA,True,,
4470,exchange,XSGB,True,,
4471,exchange,YKNA,True,,
4472,exchange,CGET,True,,
4473,exchange,CSDA,True,,
4474,exchange,DOWM,True,,
4475,exchange,GSXC,True,,
4476,exchange,GSXK,True,,
4477,exchange,GSXT,True,,
4478,exchange,VAGM,True,,
4479,exchange,BMCM,True,,
4480,exchange,NSME,True,,
4481,exchange,ABFI,True,,
4482,exchange,BEUP,True,,
4483,exchange,CEUD,True,,
4484,exchange,CEUX,True,,
4485,exchange,CEUO,True,,
4486,exchange,DASH,True,,
4487,exchange,MISX,True,,
4488,exchange,XBND,True,,
4489,exchange,BLKX,True,,
4490,exchange,PLPD,True,,
4491,exchange,BAJD,True,,
4492,exchange,NMSX,True,,
4493,exchange,NEOE,True,,
4494,exchange,NEOD,True,,
4495,exchange,NEON,True,,
4496,exchange,NEOC,True,,
4497,exchange,TRPX,True,,
4498,exchange,KOME,True,,
4499,exchange,TRCX,True,,
4500,exchange,ERBX,True,,
4501,exchange,FLTR,True,,
4502,exchange,IBER,True,,
4503,exchange,ALLT,True,,
4504,exchange,BATE,True,,
4505,exchange,BATF,True,,
4506,exchange,BATD,True,,
4507,exchange,BILU,True,,
4508,exchange,BTQE,True,,
4509,exchange,BTQG,True,,
4510,exchange,CBSK,True,,
4511,exchange,CODA,True,,
4512,exchange,SMBD,True,,
4513,exchange,STFL,True,,
4514,exchange,XALT,True,,
4515,exchange,EBRA,True,,
4516,exchange,XCAN,True,,
4517,exchange,XRMO,True,,
4518,exchange,XNCO,True,,
4519,exchange,SAGE,True,,
4520,exchange,ARCH,True,,
4521,exchange,EXPM,True,,
4522,exchange,TNLK,True,,
4523,exchange,XDRK,True,,
4524,exchange,VDRK,True,,
4525,exchange,GFPO,True,,
4526,exchange,JPMS,True,,
4527,exchange,SNUK,True,,
4528,exchange,ARKX,True,,
4529,exchange,PUMX,True,,
4530,exchange,SVXI,True,,
4531,exchange,VWDA,True,,
4532,exchange,XALS,True,,
4533,exchange,BGFU,True,,
4534,exchange,CGMG,True,,
4535,exchange,PUMA,True,,
4536,exchange,4AXE,True,,
4537,exchange,EBHU,True,,
4538,exchange,FNUK,True,,
4539,exchange,XMFX,True,,
4540,exchange,TRFW,True,,
4541,exchange,UCHU,True,,
4542,exchange,CBNL,True,,
4543,exchange,FTUS,True,,
4544,exchange,BGUK,True,,
4545,exchange,CLVE,True,,
4546,exchange,NLAX,True,,
4547,exchange,CPGX,True,,
4548,exchange,CEPL,True,,
4549,exchange,CEPU,True,,
4550,exchange,DBAB,True,,
4551,exchange,OTCN,True,,
4552,exchange,RTSL,True,,
4553,exchange,TRAL,True,,
4554,exchange,TDGF,True,,
4555,exchange,UBSB,True,,
4556,exchange,UBSI,True,,
4557,exchange,UBSL,True,,
4558,exchange,XETV,True,,
4559,exchange,XETW,True,,
4560,exchange,XETU,True,,
4561,exchange,FRAV,True,,
4562,exchange,FRAW,True,,
4563,exchange,FRAU,True,,
4564,exchange,BFPT,True,,
4565,exchange,CONC,True,,
4566,exchange,IFBX,True,,
4567,exchange,IPXW,True,,
4568,exchange,ZERO,True,,
4569,exchange,SCXS,True,,
4570,exchange,SCXO,True,,
4571,exchange,SCXM,True,,
4572,exchange,SYFX,True,,
4573,exchange,SSIL,True,,
4574,exchange,TPIR,True,,
4575,exchange,XCHI,True,,
4576,exchange,XCIS,True,,
4577,exchange,MANL,True,,
4578,exchange,CELP,True,,
4579,exchange,BETX,True,,
4580,exchange,BTLX,True,,
4581,exchange,CCEX,True,,
4582,exchange,ZBUL,True,,
4583,exchange,IMSB,True,,
4584,exchange,AQEU,True,,
4585,exchange,AQEA,True,,
4586,exchange,AQXA,True,,
4587,exchange,AQXE,True,,
4588,exchange,BKDM,True,,
4589,exchange,BNLD,True,,
4590,exchange,CAVD,True,,
4591,exchange,GIPB,True,,
4592,exchange,GSPX,True,,
4593,exchange,ICPM,True,,
4594,exchange,IMGI,True,,
4595,exchange,IMRD,True,,
4596,exchange,IMET,True,,
4597,exchange,IMGB,True,,
4598,exchange,IMMM,True,,
4599,exchange,IMFD,True,,
4600,exchange,IMCE,True,,
4601,exchange,IMED,True,,
4602,exchange,JLEU,True,,
4603,exchange,SMFF,True,,
4604,exchange,SPTR,True,,
4605,exchange,ELXE,True,,
4606,exchange,SCAG,True,,
4607,exchange,SGAS,True,,
4608,exchange,SMFE,True,,
4609,exchange,TRXE,True,,
4610,exchange,JBUL,True,,
4611,exchange,MHBE,True,,
4612,exchange,CSGI,True,,
4613,exchange,EUCC,True,,
4614,exchange,BLEQ,True,,
4615,exchange,BREA,True,,
4616,exchange,XMSM,True,,
4617,exchange,XESM,True,,
4618,exchange,UKGD,True,,
4619,exchange,XTXE,True,,
4620,exchange,BLUE,True,,
4621,exchange,BTAM,True,,
4622,exchange,CABV,True,,
4623,exchange,RFBK,True,,
4624,exchange,TOWR,True,,
4625,exchange,GBUL,True,,
4626,exchange,FLWX,True,,
4627,exchange,BLUX,True,,
4628,exchange,DBLX,True,,
4629,exchange,DHLX,True,,
4630,exchange,KHHU,True,,
4631,exchange,MCID,True,,
4632,exchange,NCME,True,,
4633,exchange,TRQM,True,,
4634,exchange,XBLK,True,,
4635,exchange,ISWO,True,,
4636,exchange,ISWP,True,,
4637,exchange,ISWN,True,,
4638,exchange,ISWT,True,,
4639,exchange,MSEL,True,,
4640,exchange,NCML,True,,
4641,exchange,FXRQ,True,,
4642,exchange,FXFM,True,,
4643,exchange,PBUL,True,,
4644,exchange,XPUK,True,,
4645,exchange,CSAG,True,,
4646,exchange,XETF,True,,
4647,exchange,GSEI,True,,
4648,exchange,GSBE,True,,
4649,exchange,HREU,True,,
4650,exchange,CREM,True,,
4651,exchange,DWFI,True,,
4652,exchange,BNPP,True,,
4653,exchange,CBKC,True,,
4654,exchange,CIBH,True,,
4655,exchange,CSMD,True,,
4656,exchange,SIMD,True,,
4657,exchange,GMES,True,,
4658,exchange,GMEO,True,,
4659,exchange,KBLC,True,,
4660,exchange,KBLS,True,,
4661,exchange,KBLT,True,,
4662,exchange,KBLL,True,,
4663,exchange,MHBP,True,,
4664,exchange,MHEU,True,,
4665,exchange,UBCZ,True,,
4666,exchange,XETS,True,,
4667,exchange,FRAS,True,,
4668,exchange,ATLN,True,,
4669,exchange,LBCW,True,,
4670,exchange,VALX,True,,
4671,exchange,AGBP,True,,
4672,exchange,CESI,True,,
4673,exchange,EBSN,True,,
4674,exchange,ECEU,True,,
4675,exchange,TPIO,True,,
4676,exchange,TPIC,True,,
4677,exchange,XTRD,True,,
4678,exchange,MLEX,True,,
4679,exchange,MLER,True,,
4680,exchange,MLES,True,,
4681,exchange,DSME,True,,
4682,exchange,FSME,True,,
4683,exchange,XNFI,True,,
4684,exchange,SSME,True,,
4685,exchange,ATHL,True,,
4686,exchange,BCSC,True,,
4687,exchange,CFIF,True,,
4688,exchange,JESI,True,,
4689,exchange,JEFE,True,,
4690,exchange,MHBL,True,,
4691,exchange,NOWX,True,,
4692,exchange,PKOP,True,,
4693,exchange,VCRS,True,,
4694,exchange,VUSA,True,,
4695,exchange,VFMI,True,,
4696,exchange,ABAN,True,,
4697,exchange,BRDS,True,,
4698,exchange,EQIE,True,,
4699,exchange,EQLD,True,,
4700,exchange,GPBC,True,,
4701,exchange,RTSX,True,,
4702,exchange,OHVO,True,,
4703,exchange,RBCG,True,,
4704,exchange,RMTF,True,,
4705,exchange,UCBA,True,,
4706,exchange,UCDE,True,,
4707,exchange,UCIT,True,,
4708,exchange,BRGA,True,,
4709,exchange,XNOR,True,,
4710,exchange,XNXD,True,,
4711,exchange,BCMA,True,,
4712,exchange,CSOB,True,,
4713,exchange,ICXR,True,,
4714,exchange,ICUR,True,,
4715,exchange,IFXC,True,,
4716,exchange,IFXA,True,,
4717,exchange,IFXR,True,,
4718,exchange,MUSN,True,,
4719,exchange,SPDX,True,,
4720,exchange,MESI,True,,
4721,exchange,NIBC,True,,
4722,exchange,UICE,True,,
4723,exchange,XNDU,True,,
4724,exchange,GBWB,True,,
4725,exchange,ECSL,True,,
4726,exchange,MSEU,True,,
4727,exchange,BRDL,True,,
4728,exchange,BRDE,True,,
4729,exchange,CIBC,True,,
4730,exchange,CIBP,True,,
4731,exchange,FTFM,True,,
4732,exchange,FTFS,True,,
4733,exchange,CABK,True,,
4734,exchange,BARU,True,,
4735,exchange,BEUO,True,,
4736,exchange,BEUT,True,,
4737,exchange,CCRM,True,,
4738,exchange,CAPA,True,,
4739,exchange,LISZ,True,,
4740,exchange,CCXE,True,,
4741,exchange,DEKA,True,,
4742,exchange,IATS,True,,
4743,exchange,ICOT,True,,
4744,exchange,IPXP,True,,
4745,exchange,ISSI,True,,
4746,exchange,JYSI,True,,
4747,exchange,NWNV,True,,
4748,exchange,OTPB,True,,
4749,exchange,RBHU,True,,
4750,exchange,RENC,True,,
4751,exchange,TPEU,True,,
4752,exchange,WSIL,True,,
4753,exchange,INGW,True,,
4754,exchange,MAKX,True,,
4755,exchange,WSIN,True,,
4756,exchange,BGFX,True,,
4757,exchange,BGFI,True,,
4758,exchange,SLHB,True,,
4759,exchange,SIBC,True,,
4760,exchange,WELN,True,,
4761,exchange,BMLB,True,,
4762,exchange,XSAT,True,,
4763,exchange,BAIP,True,,
4764,exchange,BAEP,True,,
4765,exchange,DAVY,True,,
4766,exchange,LIGA,True,,
4767,exchange,WELS,True,,
4768,exchange,CBAL,True,,
4769,exchange,SCXA,True,,
4770,exchange,BKSK,True,,
4771,exchange,CMCI,True,,
4772,exchange,MHBD,True,,
4773,exchange,CSOT,True,,
4774,exchange,MUSE,True,,
4775,exchange,NABA,True,,
4776,exchange,ABNA,True,,
4777,exchange,BBIS,True,,
4778,exchange,BBIE,True,,
4779,exchange,ERST,True,,
4780,exchange,IKBS,True,,
4781,exchange,TQEX,True,,
4782,exchange,TQEB,True,,
4783,exchange,TQEM,True,,
4784,exchange,TQEA,True,,
4785,exchange,APAW,True,,
4786,exchange,NABL,True,,
4787,exchange,OBKL,True,,
4788,exchange,TWJP,True,,
4789,exchange,HRTF,True,,
4790,exchange,SMBB,True,,
4791,exchange,CGMD,True,,
4792,exchange,EXYY,True,,
4793,exchange,EXSF,True,,
4794,exchange,EXSP,True,,
4795,exchange,EXSD,True,,
4796,exchange,EXSB,True,,
4797,exchange,EXSH,True,,
4798,exchange,HEMO,True,,
4799,exchange,IMCT,True,,
4800,exchange,METZ,True,,
4801,exchange,MUBL,True,,
4802,exchange,MUBM,True,,
4803,exchange,MUBP,True,,
4804,exchange,RBIV,True,,
4805,exchange,SMBG,True,,
4806,exchange,TRQB,True,,
4807,exchange,MUBE,True,,
4808,exchange,JPEU,True,,
4809,exchange,SMBE,True,,
4810,exchange,SMBP,True,,
4811,exchange,LEUE,True,,
4812,exchange,LEUF,True,,
4813,exchange,HELA,True,,
4814,exchange,NESI,True,,
4815,exchange,BHWA,True,,
4816,exchange,FINN,True,,
4817,exchange,ISBA,True,,
4818,exchange,KBCB,True,,
4819,exchange,MAQI,True,,
4820,exchange,MAQU,True,,
4821,exchange,XFCI,True,,
4822,exchange,XFDA,True,,
4823,exchange,FICO,True,,
4824,exchange,LBBW,True,,
4825,exchange,LBWL,True,,
4826,exchange,LBWS,True,,
4827,exchange,EDGA,True,,
4828,exchange,EDGD,True,,
4829,exchange,EDGO,True,,
4830,exchange,EDGX,True,,
4831,exchange,BATS,True,,
4832,exchange,BATY,True,,
4833,exchange,BYXD,True,,
4834,exchange,BZXD,True,,
4835,exchange,EDDP,True,,
4836,exchange,BATO,True,,
4837,exchange,ZFXM,True,,
4838,exchange,BAPE,True,,
4839,exchange,BASE,True,,
4840,exchange,BCEE,True,,
4841,exchange,BLIQ,True,,
4842,exchange,BSFX,True,,
4843,exchange,BDEA,True,,
4844,exchange,BLBS,True,,
4845,exchange,BPKO,True,,
4846,exchange,BTFE,True,,
4847,exchange,HRSI,True,,
4848,exchange,R5FX,True,,
4849,exchange,SISI,True,,
4850,exchange,BEIS,True,,
4851,exchange,BLBB,True,,
4852,exchange,BASX,True,,
4853,exchange,HRTX,True,,
4854,exchange,INCR,True,,
4855,exchange,MSRP,True,,
4856,exchange,OCSI,True,,
4857,exchange,EDRF,True,,
4858,exchange,BNSX,True,,
4859,exchange,EXSE,True,,
4860,exchange,MSSI,True,,
4861,exchange,MELO,True,,
4862,exchange,AIXK,True,,
4863,exchange,LBCM,True,,
4864,exchange,RLBO,True,,
4865,exchange,SBEX,True,,
4866,exchange,VTBC,True,,
4867,exchange,XEHQ,True,,
4868,exchange,ZARX,True,,
4869,exchange,IPSX,True,,
4870,exchange,COMM,True,,
4871,exchange,MOSE,True,,
4872,exchange,DOSE,True,,
4873,exchange,ATLB,True,,
4874,exchange,CCMS,True,,
4875,exchange,DAIW,True,,
4876,exchange,IBEQ,True,,
4877,exchange,IINX,True,,
4878,exchange,EMLD,True,,
4879,exchange,OPCO,True,,
4880,exchange,BELF,True,,
4881,exchange,BELB,True,,
4882,exchange,IMTF,True,,
4883,exchange,ASXC,True,,
4884,exchange,CFBC,True,,
4885,exchange,BLXA,True,,
4886,exchange,GFKS,True,,
4887,exchange,SGOE,True,,
4888,exchange,UBSA,True,,
4889,exchange,UBSS,True,,
4890,exchange,IBIS,True,,
4891,exchange,TFSD,True,,
4892,exchange,TRAS,True,,
4893,exchange,TSIG,True,,
4894,exchange,UTSL,True,,
4895,exchange,CSZH,True,,
4896,exchange,EUWA,True,,
4897,exchange,EXSY,True,,
4898,exchange,A2XX,True,,
4899,exchange,FXOP,True,,
4900,exchange,TCDS,True,,
4901,exchange,TRDE,True,,
4902,exchange,ZAPA,True,,
4903,exchange,BPSX,True,,
4904,exchange,ISWE,True,,
4905,exchange,ISWV,True,,
4906,exchange,IGDL,True,,
4907,exchange,HPCV,True,,
4908,exchange,JSSI,True,,
4909,exchange,TWGP,True,,
4910,exchange,GMGD,True,,
4911,exchange,GMGL,True,,
4912,exchange,NPEX,True,,
4913,exchange,OAPA,True,,
4914,exchange,DDTX,True,,
4915,exchange,HPCX,True,,
4916,exchange,SB1M,True,,
4917,exchange,ANTS,True,,
4918,exchange,SGMY,True,,
4919,exchange,SGMX,True,,
4920,exchange,SSBM,True,,
4921,exchange,SSBI,True,,
4922,exchange,DBES,True,,
4923,exchange,DBAG,True,,
4924,exchange,MKAP,True,,
4925,exchange,GSAL,True,,
4926,exchange,GSXH,True,,
4927,exchange,SIGH,True,,
4928,exchange,SWEE,True,,
4929,exchange,SWLT,True,,
4930,exchange,SWLV,True,,
4931,exchange,TECO,True,,
4932,exchange,XZAP,True,,
4933,exchange,ODDO,True,,
4934,exchange,ODOC,True,,
4935,exchange,SANT,True,,
4936,exchange,UBIN,True,,
4937,exchange,CSLB,True,,
4938,exchange,JISI,True,,
4939,exchange,JEFS,True,,
4940,exchange,VTPS,True,,
4941,exchange,VWDX,True,,
4942,exchange,VTLS,True,,
4943,exchange,BAMX,True,,
4944,exchange,IMCO,True,,
4945,exchange,SEBS,True,,
4946,exchange,INCA,True,,
4947,exchange,XABC,True,,
4948,exchange,GFIC,True,,
4949,exchange,KELR,True,,
4950,exchange,XBOX,True,,
4951,exchange,NORD,True,,
4952,exchange,OTXB,True,,
4953,exchange,SEMX,True,,
4954,exchange,XAPA,True,,
4955,exchange,AACA,True,,
4956,exchange,ABSI,True,,
4957,exchange,BINV,True,,
4958,exchange,GLMX,True,,
4959,exchange,GTXE,True,,
4960,exchange,JPCB,True,,
4961,exchange,REST,True,,
4962,exchange,NLBX,True,,
4963,exchange,XREP,True,,
4964,exchange,ROSR,True,,
4965,exchange,XROT,True,,
4966,exchange,XLLB,True,,
4967,exchange,XVPB,True,,
4968,exchange,HBPL,True,,
4969,exchange,LMAO,True,,
4970,exchange,LMAE,True,,
4971,exchange,LMAF,True,,
4972,exchange,XABG,True,,
4973,exchange,ALSI,True,,
4974,exchange,APCL,True,,
4975,exchange,SBSI,True,,
4976,exchange,TDBL,True,,
4977,exchange,BNPA,True,,
4978,exchange,BNPF,True,,
4979,exchange,BNPS,True,,
4980,exchange,ICEO,True,,
4981,exchange,IECL,True,,
4982,exchange,IOFI,True,,
4983,exchange,IOFX,True,,
4984,exchange,IOGB,True,,
4985,exchange,IOCD,True,,
4986,exchange,IOED,True,,
4987,exchange,IOGI,True,,
4988,exchange,IOIR,True,,
4989,exchange,IOMM,True,,
4990,exchange,ISWA,True,,
4991,exchange,MDRV,True,,
4992,exchange,NWMS,True,,
4993,exchange,RBCE,True,,
4994,exchange,IFSM,True,,
4995,exchange,XSGA,True,,
4996,exchange,ANLP,True,,
4997,exchange,KBLM,True,,
4998,exchange,KOTF,True,,
4999,exchange,LASP,True,,
5000,exchange,MACB,True,,
5001,exchange,TDON,True,,
5002,exchange,TSAF,True,,
5003,exchange,UBIS,True,,
5004,exchange,BRFQ,True,,
5005,exchange,BNTW,True,,
5006,exchange,BLOX,True,,
5007,exchange,IOTC,True,,
5008,exchange,XIEL,True,,
5009,exchange,XOAA,True,,
5010,exchange,BASI,True,,
5011,exchange,BANA,True,,
5012,exchange,BOAL,True,,
5013,exchange,CSEC,True,,
5014,exchange,MLSI,True,,
5015,exchange,MLIX,True,,
5016,exchange,MLRQ,True,,
5017,exchange,SVEX,True,,
5018,exchange,SVES,True,,
5019,exchange,AAPA,True,,
5020,exchange,CIMV,True,,
5021,exchange,CIMB,True,,
5022,exchange,CIME,True,,
5023,exchange,CIMD,True,,
5024,exchange,CURX,True,,
5025,exchange,INGE,True,,
5026,exchange,INGF,True,,
5027,exchange,SKSI,True,,
5028,exchange,SQUA,True,,
5029,exchange,SSBT,True,,
5030,exchange,SSFX,True,,
5031,exchange,AFSO,True,,
5032,exchange,AFSX,True,,
5033,exchange,AFSL,True,,
5034,exchange,AFSA,True,,
5035,exchange,AFSI,True,,
5036,exchange,ARIA,True,,
5037,exchange,DVFX,True,,
5038,exchange,ETPA,True,,
5039,exchange,LOUI,True,,
5040,exchange,RABO,True,,
5041,exchange,BBVA,True,,
5042,exchange,BTNL,True,,
5043,exchange,CAPI,True,,
5044,exchange,XRCB,True,,
5045,exchange,APEX,True,,
5046,exchange,XGAT,True,,
5047,exchange,TGSI,True,,
5048,exchange,TGAT,True,,
5049,exchange,XGRM,True,,
5050,exchange,CGMT,True,,
5051,exchange,NYSI,True,,
5052,exchange,XMAL,True,,
5053,exchange,CASI,True,,
5054,exchange,CNSI,True,,
5055,exchange,TRQA,True,,
5056,exchange,XOSA,True,,
5057,exchange,CCEU,True,,
5058,exchange,XTXM,True,,
5059,exchange,GFSM,True,,
5060,exchange,GFSO,True,,
5061,exchange,AURO,True,,
5062,exchange,AURB,True,,
5063,exchange,EXSI,True,,
5064,exchange,ISWR,True,,
5065,exchange,ISWC,True,,
5066,exchange,ISWB,True,,
5067,exchange,TSCB,True,,
5068,exchange,VAGL,True,,
5069,exchange,BCSL,True,,
5070,exchange,BCSI,True,,
5071,exchange,BGCO,True,,
5072,exchange,GFBM,True,,
5073,exchange,GFBO,True,,
5074,exchange,GFIB,True,,
5075,exchange,GFIF,True,,
5076,exchange,GFIN,True,,
5077,exchange,GFIR,True,,
5078,exchange,INGB,True,,
5079,exchange,SFCL,True,,
5080,exchange,TPSL,True,,
5081,exchange,TSMR,True,,
5082,exchange,VONT,True,,
5083,exchange,BKBR,True,,
5084,exchange,BKBF,True,,
5085,exchange,CBKA,True,,
5086,exchange,TSRE,True,,
5087,exchange,TSCD,True,,
5088,exchange,TSGB,True,,
5089,exchange,TSFI,True,,
5090,exchange,TSED,True,,
5091,exchange,TSGI,True,,
5092,exchange,TSMM,True,,
5093,exchange,TPSO,True,,
5094,exchange,CBKD,True,,
5095,exchange,CBKF,True,,
5096,exchange,CBKE,True,,
5097,exchange,CBKG,True,,
5098,exchange,CGML,True,,
5099,exchange,CPTX,True,,
5100,exchange,MAQL,True,,
5101,exchange,DZBK,True,,
5102,exchange,XPOS,True,,
5103,exchange,TPEL,True,,
5104,exchange,TEFD,True,,
5105,exchange,TEMF,True,,
5106,exchange,TEMI,True,,
5107,exchange,TIRD,True,,
5108,exchange,TEMB,True,,
5109,exchange,TEMR,True,,
5110,exchange,TERE,True,,
5111,exchange,TEFX,True,,
5112,exchange,TEMM,True,,
5113,exchange,TEGI,True,,
5114,exchange,TEIR,True,,
5115,exchange,TPEO,True,,
5116,exchange,TEGB,True,,
5117,exchange,TWHK,True,,
5118,exchange,TWJT,True,,
5119,exchange,TWSG,True,,
5120,exchange,WOOD,True,,
5121,exchange,XRFQ,True,,
5122,exchange,XPAC,True,,
5123,exchange,LOYD,True,,
5124,exchange,SCXF,True,,
5125,exchange,BOFS,True,,
5126,exchange,SUNT,True,,
5127,exchange,SWBI,True,,
5128,exchange,WBKP,True,,
5129,exchange,BGSI,True,,
5130,exchange,BPLC,True,,
5131,exchange,BBSI,True,,
5132,exchange,LSSI,True,,
5133,exchange,JSEB,True,,
5134,exchange,BIVA,True,,
5135,exchange,BKLN,True,,
5136,exchange,BKLF,True,,
5137,exchange,FISU,True,,
5138,exchange,JBSI,True,,
5139,exchange,NAPA,True,,
5140,exchange,POTC,True,,
5141,exchange,PPEX,True,,
5142,exchange,ESTO,True,,
5143,exchange,ONSE,True,,
5144,exchange,BAAD,True,,
5145,exchange,INVE,True,,
5146,exchange,XDNB,True,,
5147,exchange,IFLS,True,,
5148,exchange,EXOT,True,,
5149,exchange,ANZL,True,,
5150,exchange,BMEA,True,,
5151,exchange,EBSC,True,,
5152,exchange,ECHO,True,,
5153,exchange,HSBC,True,,
5154,exchange,HSBT,True,,
5155,exchange,NATX,True,,
5156,exchange,STAN,True,,
5157,exchange,VCMO,True,,
5158,exchange,AIMX,True,,
5159,exchange,XLOM,True,,
5160,exchange,ADVT,True,,
5161,exchange,SICS,True,,
5162,exchange,CSIN,True,,
5163,exchange,CSSI,True,,
5164,exchange,DOWG,True,,
5165,exchange,AMPX,True,,
5166,exchange,FXGB,True,,
5167,exchange,TRSI,True,,
5168,exchange,RBSI,True,,
5169,exchange,RTSI,True,,
5170,exchange,MUND,True,,
5171,exchange,MUNC,True,,
5172,exchange,BTEE,True,,
5173,exchange,EBSS,True,,
5174,exchange,RBCB,True,,
5175,exchange,RBCT,True,,
5176,exchange,WIPO,True,,
5177,exchange,GSIB,True,,
5178,exchange,BISI,True,,
5179,exchange,HUDX,True,,
5180,exchange,IEXD,True,,
5181,exchange,IMCS,True,,
5182,exchange,UBSY,True,,
5183,exchange,XEYE,True,,
5184,exchange,XDUB,True,,
5185,exchange,XATL,True,,
5186,exchange,BILT,True,,
5187,exchange,XHNF,True,,
5188,exchange,MUFP,True,,
5189,exchange,VFIL,True,,
5190,exchange,VFSI,True,,
5191,exchange,VFXO,True,,
5192,exchange,CCML,True,,
5193,exchange,CFTW,True,,
5194,exchange,DAPA,True,,
5195,exchange,VLEX,True,,
5196,exchange,XSBT,True,,
5197,exchange,3579,True,,
5198,exchange,MHIP,True,,
5199,exchange,WINS,True,,
5200,exchange,WINX,True,,
5201,exchange,ALXB,True,,
5202,exchange,MLXB,True,,
5203,exchange,ENXL,True,,
5204,exchange,ALXL,True,,
5205,exchange,XMLI,True,,
5206,exchange,ALXP,True,,
5207,exchange,SGMT,True,,
5208,exchange,MASG,True,,
5209,exchange,TCML,True,,
5210,exchange,FRTE,True,,
5211,exchange,THEM,True,,
5212,exchange,LEDG,True,,
5213,exchange,MTSD,True,,
5214,exchange,MTSF,True,,
5215,exchange,MUTI,True,,
5216,exchange,NDCM,True,,
5217,exchange,IMEQ,True,,
5218,exchange,NDXS,True,,
5219,exchange,NDEX,True,,
5220,exchange,SPEC,True,,
5221,exchange,BART,True,,
5222,exchange,BARO,True,,
5223,exchange,BCRM,True,,
5224,exchange,BARK,True,,
5225,exchange,BMTS,True,,
5226,exchange,MTUS,True,,
5227,exchange,GOTC,True,,
5228,exchange,MFXC,True,,
5229,exchange,MFXR,True,,
5230,exchange,MFXA,True,,
5231,exchange,SNSI,True,,
5232,exchange,VERT,True,,
5233,exchange,IBUL,True,,
5234,exchange,APXL,True,,
5235,exchange,CLTD,True,,
5236,exchange,DRCT,True,,
5237,exchange,MTXX,True,,
5238,exchange,CAVE,True,,
5239,exchange,OTCB,True,,
5240,exchange,PINL,True,,
5241,exchange,PINI,True,,
5242,exchange,PINX,True,,
5243,exchange,OTCQ,True,,
5244,exchange,PSGM,True,,
5245,exchange,PINC,True,,
5246,exchange,XEER,True,,
5247,exchange,XEEO,True,,
5248,exchange,XEEE,True,,
5249,exchange,ELUK,True,,
5250,exchange,ELNO,True,,
5251,exchange,ELSE,True,,
5252,exchange,ELEU,True,,
5253,exchange,FREI,True,,
5254,exchange,NOSI,True,,
5255,exchange,CSBX,True,,
5256,exchange,CXOT,True,,
5257,exchange,XBDV,True,,
5258,exchange,DKED,True,,
5259,exchange,DKFI,True,,
5260,exchange,NOED,True,,
5261,exchange,SEED,True,,
5262,exchange,USWB,True,,
5263,exchange,NOFI,True,,
5264,exchange,FIED,True,,
5265,exchange,EBON,True,,
5266,exchange,EUWB,True,,
5267,exchange,DIFX,True,,
5268,exchange,TREA,True,,
5269,exchange,TREO,True,,
5270,exchange,AUTB,True,,
5271,exchange,AUTX,True,,
5272,exchange,AUTP,True,,
5273,exchange,CXRT,True,,
5274,exchange,ACKF,True,,
5275,exchange,NEXS,True,,
5276,exchange,VIRT,True,,
5277,exchange,BALT,True,,
5278,exchange,BLTX,True,,
5279,exchange,CGMA,True,,
5280,exchange,CGMH,True,,
5281,exchange,CGMI,True,,
5282,exchange,CGMX,True,,
5283,exchange,CITX,True,,
5284,exchange,CITD,True,,
5285,exchange,GRIO,True,,
5286,exchange,LQED,True,,
5287,exchange,MTXA,True,,
5288,exchange,PTPG,True,,
5289,exchange,UFEX,True,,
5290,exchange,TSAD,True,,
5291,exchange,XKAR,True,,
5292,exchange,XLGT,True,,
5293,exchange,XSTF,True,,
5294,exchange,STUC,True,,
5295,exchange,STUD,True,,
5296,exchange,XRSP,True,,
5297,exchange,PEEL,True,,
5298,exchange,XPHX,True,,
5299,exchange,JPBX,True,,
5300,exchange,JPSI,True,,
5301,exchange,AREX,True,,
5302,exchange,HOTC,True,,
5303,exchange,XADE,True,,
5304,exchange,ENAX,True,,
5305,exchange,XATH,True,,
5306,exchange,CSAU,True,,
5307,exchange,CFAU,True,,
5308,exchange,CSEU,True,,
5309,exchange,CSCF,True,,
5310,exchange,CSHK,True,,
5311,exchange,CFHK,True,,
5312,exchange,CSJP,True,,
5313,exchange,CFJP,True,,
5314,exchange,FICX,True,,
5315,exchange,GBOT,True,,
5316,exchange,GRIF,True,,
5317,exchange,IBGH,True,,
5318,exchange,IEXG,True,,
5319,exchange,LMEC,True,,
5320,exchange,NEXO,True,,
5321,exchange,NMRJ,True,,
5322,exchange,NXJP,True,,
5323,exchange,NXVW,True,,
5324,exchange,PARX,True,,
5325,exchange,ELIX,True,,
5326,exchange,TRDX,True,,
5327,exchange,XBEL,True,,
5328,exchange,BLBF,True,,
5329,exchange,XBLB,True,,
5330,exchange,MUNB,True,,
5331,exchange,MUNA,True,,
5332,exchange,XMUN,True,,
5333,exchange,XNXC,True,,
5334,exchange,XOPV,True,,
5335,exchange,XVES,True,,
5336,exchange,360T,True,,
5337,exchange,AATS,True,,
5338,exchange,ACEX,True,,
5339,exchange,AFDL,True,,
5340,exchange,AFET,True,,
5341,exchange,AFSE,True,,
5342,exchange,AQST,True,,
5343,exchange,AQSL,True,,
5344,exchange,AQSN,True,,
5345,exchange,AQSG,True,,
5346,exchange,AQSF,True,,
5347,exchange,AQSD,True,,
5348,exchange,ASEX,True,,
5349,exchange,XIPO,True,,
5350,exchange,AWBX,True,,
5351,exchange,AWEX,True,,
5352,exchange,BACE,True,,
5353,exchange,MLCO,True,,
5354,exchange,MLVX,True,,
5355,exchange,BAML,True,,
5356,exchange,BAPA,True,,
5357,exchange,BAPX,True,,
5358,exchange,BARL,True,,
5359,exchange,BARX,True,,
5360,exchange,BARD,True,,
5361,exchange,BBSF,True,,
5362,exchange,BCFS,True,,
5363,exchange,XMVL,True,,
5364,exchange,BCMM,True,,
5365,exchange,BCSE,True,,
5366,exchange,CHIO,True,,
5367,exchange,BATP,True,,
5368,exchange,CHID,True,,
5369,exchange,BOTC,True,,
5370,exchange,BCXE,True,,
5371,exchange,LISX,True,,
5372,exchange,CHIX,True,,
5373,exchange,BEAM,True,,
5374,exchange,BEEX,True,,
5375,exchange,BETP,True,,
5376,exchange,BGCF,True,,
5377,exchange,BGCD,True,,
5378,exchange,FNCS,True,,
5379,exchange,BGCB,True,,
5380,exchange,BGCI,True,,
5381,exchange,BHSF,True,,
5382,exchange,BIDS,True,,
5383,exchange,BLEV,True,,
5384,exchange,BLPX,True,,
5385,exchange,BPOL,True,,
5386,exchange,SEND,True,,
5387,exchange,XDRF,True,,
5388,exchange,MARF,True,,
5389,exchange,BMCL,True,,
5390,exchange,MERF,True,,
5391,exchange,XBIL,True,,
5392,exchange,XMAD,True,,
5393,exchange,BMEX,True,,
5394,exchange,SBIL,True,,
5395,exchange,SBAR,True,,
5396,exchange,XVAL,True,,
5397,exchange,XBAR,True,,
5398,exchange,XLAT,True,,
5399,exchange,XMPW,True,,
5400,exchange,XMRV,True,,
5401,exchange,BMTF,True,,
5402,exchange,BNYC,True,,
5403,exchange,BOAT,True,,
5404,exchange,BOSC,True,,
5405,exchange,BOVA,True,,
5406,exchange,BOVM,True,,
5407,exchange,BRIX,True,,
5408,exchange,BRNX,True,,
5409,exchange,BSEX,True,,
